0.000000000000000000e+00,1.000000000000000000e+00,1.050000000000000044e+00
9.496607707740244153e-02,1.003012958443869840e+00,1.022889577661195259e+00
2.190936471215368109e-01,1.049570933221978031e+00,9.867473374579811551e-01
3.423038935971651764e-01,1.148017523736292844e+00,9.522858406270136022e-01
4.758189998097777096e-01,1.309140768176748404e+00,9.196462017700699487e-01
6.308077713959473476e-01,1.549826557565836538e+00,8.907807371680616093e-01
8.232740631831281242e-01,1.897964791633145021e+00,8.695158457275132813e-01
1.075879475865402668e+00,2.396715371685574247e+00,8.636519136870141056e-01
1.418033621957440538e+00,3.104325713020505972e+00,8.884580831075017393e-01
1.881206432489612501e+00,4.083010540415621392e+00,9.706817424766216451e-01
2.498479315407468704e+00,5.396457540848671464e+00,1.153644488863967421e+00
3.312052537076364711e+00,7.123540694780841953e+00,1.509236278009202570e+00
4.371702077315947399e+00,9.348661839551290598e+00,2.155607004790629500e+00
5.710234992676479493e+00,1.209790068203765045e+01,3.260594747269486504e+00
7.311114264383501649e+00,1.525991929905174516e+01,5.005402451250171580e+00
9.131769780849445795e+00,1.862811558921136523e+01,7.564736130437022865e+00
1.114631843412025347e+01,2.196715608557248345e+01,1.115083949349684289e+01
1.335681957054273816e+01,2.496604056663703375e+01,1.609684927959754219e+01
1.547139246917110356e+01,2.685019720270792831e+01,2.202061978548405818e+01
1.712020443884047438e+01,2.720919605794745522e+01,2.775334734209701182e+01
1.848013632705316667e+01,2.604160236849955012e+01,3.376867967326526099e+01
1.930547153583815501e+01,2.348246779624828662e+01,3.895445113008423021e+01
1.960126261020008442e+01,1.986058375456992309e+01,4.306578132247442880e+01
1.938362764187790077e+01,1.560993202865533647e+01,4.590926428058090636e+01
1.872088951168074544e+01,1.124685185571444102e+01,4.745902063296385620e+01
1.771375395168305644e+01,7.140072249696535422e+00,4.790836485084474106e+01
1.645054560925460763e+01,3.471885510558974541e+00,4.751543504348556723e+01
1.500778854740630663e+01,3.324609507148093002e-01,4.651975941612001009e+01
1.347618725959499741e+01,-2.218419974609421086e+00,4.515250176420962447e+01
1.178706711752727898e+01,-4.366468004152569193e+00,4.345991929802524822e+01
9.626596255386459688e+00,-6.352940346423317841e+00,4.117521826505655724e+01
7.038591414557627601e+00,-7.877268438534890116e+00,3.841260041502656719e+01
4.390869980618361090e+00,-8.696212044921663775e+00,3.565931179445821897e+01
2.114161999297364147e+00,-8.931287841704728336e+00,3.338795319899737279e+01
3.190136498565314671e-01,-8.872400195645930410e+00,3.166026135453919110e+01
-1.173406950894711365e+00,-8.694458532216749802e+00,3.025434004174158886e+01
-2.572562265634831036e+00,-8.455189200955260276e+00,2.894202143002711836e+01
-3.765061640249829367e+00,-8.238474707133439878e+00,2.780688354710591170e+01
-4.628460328114117672e+00,-8.119405181818741823e+00,2.696552624715558721e+01
-5.318281350896088000e+00,-8.094045265187311600e+00,2.628758604694010970e+01
-5.894046902353012207e+00,-8.165754390485217229e+00,2.574252876773153176e+01
-6.397236580924677618e+00,-8.334821722518416465e+00,2.532527683615789016e+01
-6.861379114055103479e+00,-8.596895428289755614e+00,2.504577353473154844e+01
-7.313941833131186954e+00,-8.940630171613822341e+00,2.492593032255233254e+01
-7.774949482710539428e+00,-9.342797291525563708e+00,2.499733341531536013e+01
-8.251795936828020928e+00,-9.759477962479442326e+00,2.529432620548715960e+01
-8.728821634951284381e+00,-1.011617897523305842e+01,2.583176768245510146e+01
-9.160936352263346905e+00,-1.031738866171651559e+01,2.656575932553806396e+01
-9.493766505738074457e+00,-1.029106776429772019e+01,2.739066281773307310e+01
-9.685967191590179937e+00,-1.001357079394686878e+01,2.818548257302401439e+01
-9.707539648790239895e+00,-9.503282475246395578e+00,2.883164147296665192e+01
-9.547850674612973876e+00,-8.838584256518466020e+00,2.921283051734732084e+01
-9.246070484913424536e+00,-8.160169546408635455e+00,2.927619368347247431e+01
-8.861814066163457682e+00,-7.565316159723534106e+00,2.906370237047564942e+01
-8.438142258288891639e+00,-7.095039692351261529e+00,2.863019347608033982e+01
-8.011554168237545070e+00,-6.776982986698252276e+00,2.801875095146119676e+01
-7.621557920730526625e+00,-6.638358277887285830e+00,2.726991526949917244e+01
-7.316275385632187600e+00,-6.711051172468901704e+00,2.643248763963063652e+01
-7.159435712980929623e+00,-7.036966110423335863e+00,2.558320099542349269e+01
-7.225415183565435662e+00,-7.626196192412711738e+00,2.489595943473981521e+01
-7.506047993771285398e+00,-8.350640830108387647e+00,2.457411676926420085e+01
-7.940465201342802537e+00,-9.105594431025949120e+00,2.465065557966153520e+01
-8.456212087817281287e+00,-9.776076406068382241e+00,2.510974684967128567e+01
-8.961690241694631354e+00,-1.023943969768410511e+01,2.585713130062886833e+01
-9.384299358215162812e+00,-1.042867353007108555e+01,2.675347933588578897e+01
-9.679496133785690404e+00,-1.032856207684951855e+01,2.767065205396439964e+01
-9.815239308122842843e+00,-9.951973623632833110e+00,2.849422431659795762e+01
-9.766460650983185943e+00,-9.345630981075101928e+00,2.910662200615682238e+01
-9.539259670576937467e+00,-8.626310645201936467e+00,2.940399981844756638e+01
-9.188704169327429838e+00,-7.936753130520471267e+00,2.937730939231578731e+01
-8.769104241011648426e+00,-7.349736994261606426e+00,2.908482194310918345e+01
-8.319378718714144583e+00,-6.899122835644036833e+00,2.857811940144991425e+01
-7.876248968828003072e+00,-6.612104424820513415e+00,2.789837389988951344e+01
-7.481470326005414506e+00,-6.517021350160136173e+00,2.708643598702309774e+01
-7.187625696014783294e+00,-6.648998926635345974e+00,2.619455043833708885e+01
-7.066310318944443836e+00,-7.055006739543026484e+00,2.531238323231545806e+01
-7.187404976304025084e+00,-7.714735337391251946e+00,2.465649685734659968e+01
-7.517765520816518610e+00,-8.485976247297815078e+00,2.439724187972360880e+01
-7.997686480822835620e+00,-9.276190912327384908e+00,2.455225470671713239e+01
-8.548321855726328522e+00,-9.958386554776677002e+00,2.509994260725258641e+01
-9.072320513259297670e+00,-1.040588414177333654e+01,2.592771078864563705e+01
-9.499032677420272464e+00,-1.055901436701466878e+01,2.688646560635710614e+01
-9.786757525741009545e+00,-1.040947795691572253e+01,2.784589018567501739e+01
-9.904640140978052898e+00,-9.975878491187668118e+00,2.868934457937627514e+01
-9.829764031825400039e+00,-9.315133289022307750e+00,2.929607543594984520e+01
-9.575612166784573276e+00,-8.557601171926416228e+00,2.956873097050803878e+01
-9.200986091132785205e+00,-7.843246067515027065e+00,2.951249063423875185e+01
-8.758472982023540965e+00,-7.238709188230776803e+00,2.918833596221898929e+01
-8.286505787607969964e+00,-6.776760005409446563e+00,2.864696325875245364e+01
-7.822291805618972305e+00,-6.484618976711177041e+00,2.792895263779691462e+01
-7.408687389406632740e+00,-6.391115893387014246e+00,2.707458236848800226e+01
-7.100314919768799804e+00,-6.532874960473970205e+00,2.613570857264611291e+01
-6.972585855330117433e+00,-6.961224349071651218e+00,2.520223968208254206e+01
-7.099394427878648273e+00,-7.652489143345854394e+00,2.450729992888181030e+01
-7.442698501275730294e+00,-8.457617558515162060e+00,2.422563448050160417e+01
-7.944967563436499347e+00,-9.292298915681392657e+00,2.437362462498959204e+01
-8.527172739334782037e+00,-1.002482064221029034e+01,2.493884482433552918e+01
-9.084725366548486392e+00,-1.051466135917974931e+01,2.580635312079581212e+01
-9.541428103737770172e+00,-1.069514361798283275e+01,2.681644657502077678e+01
-9.854461731166285432e+00,-1.055776515153087125e+01,2.783189549855060818e+01
-9.993082526835090462e+00,-1.012182400106336289e+01,2.873295439199291224e+01
-9.933433710468159816e+00,-9.443073711377124368e+00,2.939689751758838554e+01
-9.685110555977443525e+00,-8.650296583239740045e+00,2.971995867481607334e+01
-9.305647423858196987e+00,-7.891442970761976206e+00,2.969865945154757014e+01
-8.849991939695568632e+00,-7.240674614928697572e+00,2.939438864317308031e+01
-8.357650163479233285e+00,-6.732794281075069165e+00,2.886025801337805063e+01
-7.865751389292764628e+00,-6.395289650543666049e+00,2.813747905306725983e+01
-7.416461055498525745e+00,-6.256534552115456727e+00,2.726487185718012896e+01
-7.063175510326263229e+00,-6.352032523294345978e+00,2.628986974452528713e+01
-6.879250853017951250e+00,-6.734211094126639097e+00,2.528842378998304241e+01
-6.954344606657810068e+00,-7.415892899447028341e+00,2.446887205350521555e+01
-7.267866947378660569e+00,-8.236504877593718632e+00,2.407019263400951914e+01
-7.761512271577788447e+00,-9.117365008915047753e+00,2.411069397349324106e+01
-8.367150141691446663e+00,-9.939551222871170211e+00,2.460294607342206064e+01
-8.974608213629691633e+00,-1.054014655500958675e+01,2.545663032575075135e+01
-9.491040502345516217e+00,-1.082376161029566930e+01,2.650169372566199755e+01
-9.866260780883775894e+00,-1.077172598443782725e+01,2.758560491219103028e+01
-1.006839664878765994e+01,-1.039923620492977818e+01,2.858269772402410069e+01
-1.007082908781981523e+01,-9.750957656821064745e+00,2.936974957983998991e+01
-9.869311801300646891e+00,-8.936405101249013327e+00,2.982789829353400890e+01
-9.511296263919573946e+00,-8.116130926090225017e+00,2.991890809667775031e+01
-9.057593772545423860e+00,-7.389716976449984820e+00,2.969683605002965976e+01
-8.551511034098412622e+00,-6.799802421858297308e+00,2.922107751062312531e+01
-8.030077136412506533e+00,-6.375077215404376219e+00,2.853602623005595262e+01
-7.533284907062548719e+00,-6.142945189971356079e+00,2.767963107329957850e+01
-7.110343898019895192e+00,-6.135602505363417336e+00,2.669311258127330078e+01
-6.827221515264219498e+00,-6.398753341532177785e+00,2.563558826142993752e+01
-6.778763560762664397e+00,-6.994250207960582166e+00,2.463343694941519146e+01
-7.005457139962975255e+00,-7.799717963382772901e+00,2.400959277708930628e+01
-7.441377173365841813e+00,-8.701640028434606933e+00,2.383086503758419283e+01
-8.037445548107013948e+00,-9.623528355914247712e+00,2.412312166758297494e+01
-8.696827177572354017e+00,-1.039916934985242847e+01,2.486363674598494455e+01
-9.300479548535696139e+00,-1.087530312179961456e+01,2.589643036219983685e+01
-9.775893299937822079e+00,-1.099924136584627732e+01,2.704130018049187001e+01
-1.008579371830248483e+01,-1.077570228380601769e+01,2.815655892746075750e+01
-1.020174071776184022e+01,-1.023490510044281798e+01,2.911801436850791447e+01
-1.010368988180439054e+01,-9.450766230121493194e+00,2.979780001717234228e+01
-9.811770409335153431e+00,-8.573044304871526577e+00,3.010244449889771090e+01
-9.388096064646608951e+00,-7.747245502386443050e+00,3.004771154657650456e+01
-8.885768275953793705e+00,-7.041183463228209760e+00,2.969930166180991193e+01
-8.343881431686360983e+00,-6.488712586097259205e+00,2.911010961867795999e+01
-7.800074281133558607e+00,-6.117179510090387851e+00,2.832057826453976901e+01
-7.297693636730048006e+00,-5.955066889312499612e+00,2.736758621585822837e+01
-6.892629741143250222e+00,-6.038782565996145379e+00,2.629559375032989621e+01
-6.662044779216463652e+00,-6.425829437183280923e+00,2.517193847934731110e+01
-6.711589122936493013e+00,-7.152499819378299151e+00,2.420250539785883959e+01
-7.022495344079038304e+00,-8.024679127366715292e+00,2.369479956987674640e+01
-7.536610294512416708e+00,-8.990190438269605622e+00,2.364433202162510739e+01
-8.200623402549462426e+00,-9.947385729780039654e+00,2.409517376979970038e+01
-8.896676802443900911e+00,-1.070138173685461958e+01,2.498992069782537939e+01
-9.505031914988943953e+00,-1.111124897339414019e+01,2.613712359612519265e+01
-9.964366576250478502e+00,-1.114621570890914626e+01,2.735456914287438934e+01
-1.024265854390188757e+01,-1.082229989161324291e+01,2.850393039148162444e+01
-1.031311710259167391e+01,-1.018047322525937126e+01,2.945864223964319351e+01
-1.016207689555612959e+01,-9.316097852479041208e+00,3.009003344016891646e+01
-9.823367416501584515e+00,-8.395091636209784269e+00,3.032634632396352359e+01
-9.361329994535857679e+00,-7.548633527344564165e+00,3.020561016694034251e+01
-8.825294537211206602e+00,-6.833916218630418093e+00,2.979443889489515485e+01
-8.253412295688264066e+00,-6.282652420675892913e+00,2.914324176944913347e+01
-7.684001414580999167e+00,-5.921811052494102334e+00,2.829087768020850646e+01
-7.162415453184098446e+00,-5.780492423487215703e+00,2.727332891166490825e+01
-6.748445362487428767e+00,-5.897158172206196092e+00,2.613591562056078033e+01
-6.525276207408124307e+00,-6.336868996264191978e+00,2.494541989722834430e+01
-6.580164377307054835e+00,-7.024696430896088195e+00,2.403553621397745133e+01
-6.890170739976205994e+00,-7.914925325406761303e+00,2.348358073317647055e+01
-7.415049612782936173e+00,-8.921606033374276379e+00,2.338804533313027534e+01
-8.109072953192979938e+00,-9.948270973854571153e+00,2.381564017226985897e+01
-8.853777637943043288e+00,-1.078692290669714282e+01,2.473236037587079039e+01
-9.513032425990182617e+00,-1.126703774041030215e+01,2.593713761673702578e+01
-1.001763861425945734e+01,-1.134909700058894089e+01,2.722829261212095275e+01
-1.033573486824725585e+01,-1.105068495221710556e+01,2.845933898280101459e+01
-1.044125003617074832e+01,-1.041272365970547753e+01,2.950158998759683726e+01
-1.031752973296192977e+01,-9.525259399075084232e+00,3.022320950618756186e+01
-9.991418817995707968e+00,-8.553630568737736084e+00,3.053829472296305170e+01
-9.527304364927026370e+00,-7.644219298096294857e+00,3.047384568101809421e+01
-8.977850179493181315e+00,-6.863752640979031483e+00,3.009916091360715740e+01
-8.382238958854163258e+00,-6.246302512860220091e+00,2.946847453600493694e+01
-7.778228025154981573e+00,-5.818957646417458385e+00,2.862212719056786625e+01
-7.209427257344043660e+00,-5.609540784623230358e+00,2.759476684313296246e+01
-6.732963563810889340e+00,-5.653412531043913170e+00,2.642698476261865181e+01
-6.426697753422564219e+00,-6.006307877166948472e+00,2.517625187103968187e+01
-6.393219717246072520e+00,-6.649700616977031409e+00,2.410814569206765512e+01
-6.636291627868737386e+00,-7.524845846190178378e+00,2.337958094389744090e+01
-7.109831607222770522e+00,-8.536346573930220671e+00,2.310092520828281337e+01
-7.787199942049081614e+00,-9.635585085929344373e+00,2.333906472239251073e+01
-8.580424269844700191e+00,-1.064060657413433475e+01,2.413817294178238271e+01
-9.256149198545259082e+00,-1.126359805677209813e+01,2.519786784347006758e+01
-9.872178276094436100e+00,-1.156220628018758667e+01,2.653522067162041154e+01
-1.031307332764995088e+01,-1.145070502184513472e+01,2.789046025142889818e+01
-1.054626038806558341e+01,-1.095701275114226902e+01,2.911489558788250065e+01
-1.054806703823483716e+01,-1.014386440976316450e+01,3.007529492347315525e+01
-1.031824677686753056e+01,-9.143901715779286121e+00,3.064814916313284243e+01
-9.907768487431006577e+00,-8.135872088519697343e+00,3.079976325078870403e+01
-9.379890401799560351e+00,-7.229971596044721949e+00,3.059108345280883157e+01
-8.779882940136580771e+00,-6.473854874926449732e+00,3.008833089020366103e+01
-8.145275151939706859e+00,-5.897325114303066940e+00,2.933958520825387950e+01
-7.515353572930021819e+00,-5.526642553063468633e+00,2.838141200836334832e+01
-6.938451378728132113e+00,-5.391219461341758112e+00,2.724761646749267285e+01
-6.480414539923587292e+00,-5.530499488453552992e+00,2.598420484676659470e+01
-6.230291370766683379e+00,-6.019373492172209517e+00,2.464423224513058130e+01
-6.281180838192339522e+00,-6.737921163071590946e+00,2.364906688978354055e+01
-6.591922830244369536e+00,-7.666399723866309301e+00,2.300451486406987556e+01
-7.135042380649335492e+00,-8.749018467448534508e+00,2.281122304017510061e+01
-7.886985933818970729e+00,-9.918052623584362237e+00,2.317420086783729971e+01
-8.651297676380565349e+00,-1.085926294475775578e+01,2.400436268088734693e+01
-9.433593690614712202e+00,-1.154971454898734606e+01,2.529195182294673927e+01
-1.006384176808257713e+01,-1.179886422643384769e+01,2.674414469687867424e+01
-1.049644561069643700e+01,-1.161276703703158475e+01,2.817001997919731338e+01
-1.070811735375342977e+01,-1.103298243382329780e+01,2.943327843103688224e+01
-1.067745628951862535e+01,-1.013463704391249820e+01,3.039815247509456242e+01
-1.041148209975194661e+01,-9.067869278290148216e+00,3.094691461675239097e+01
-9.967095743476292569e+00,-8.012851769571870619e+00,3.106376488859233476e+01
-9.406125073850706286e+00,-7.071284152282485636e+00,3.081686984486804448e+01
-8.772479858801208508e+00,-6.288018521918125714e+00,3.027219480832748744e+01
-8.103502127522206777e+00,-5.692140664095043157e+00,2.947712799917389503e+01
-7.438811603246184845e+00,-5.309420079690955419e+00,2.846714982514140146e+01
-6.828100958470512793e+00,-5.169030258899688590e+00,2.727498180456390386e+01
-6.340215798487928822e+00,-5.309439971457468488e+00,2.594794340191300108e+01
-6.064463036430255194e+00,-5.806789832126478146e+00,2.452903758988264826e+01
-6.099156214726546565e+00,-6.525920913582790917e+00,2.347584867191206115e+01
-6.394970073116022391e+00,-7.458478306159595839e+00,2.276133756503934436e+01
-6.930153373448905363e+00,-8.564253832496001806e+00,2.248407833205943263e+01
-7.695400965781814762e+00,-9.800441491019318718e+00,2.276324048828286450e+01
-8.603502200979992409e+00,-1.096247900977661693e+01,2.368678303912252403e+01
-9.361919008476219162e+00,-1.167722450409889134e+01,2.488497331334675522e+01
-1.006011547624458125e+01,-1.203445219078861506e+01,2.640494975970685942e+01
-1.056330994015052838e+01,-1.192990683968349330e+01,2.794033132490777760e+01
-1.084061564120302990e+01,-1.139992831523223060e+01,2.932984484118327018e+01
-1.087024205803558807e+01,-1.051398293248867510e+01,3.043643443751839683e+01
-1.064987653589527028e+01,-9.409579073628730583e+00,3.113052199473597526e+01
-1.022760206846401587e+01,-8.277672040748923266e+00,3.136821470184662175e+01
-9.669147327853607976e+00,-7.244842587077362062e+00,3.120945280381216946e+01
-9.022487622401557772e+00,-6.366159366816869891e+00,3.072694556066239713e+01
-8.325617719938662731e+00,-5.673201919538875870e+00,2.997380614721589254e+01
-7.616583700188118478e+00,-5.191502755746501663e+00,2.898821032704577050e+01
-6.941113341077395305e+00,-4.947685171503982460e+00,2.780107546837006183e+01
-6.363121594201496478e+00,-4.975104136847634528e+00,2.645352515922746761e+01
-5.965360029229472616e+00,-5.321927136403058256e+00,2.500077330152835486e+01
-5.857638357900453840e+00,-5.951726297009447109e+00,2.373652227440393858e+01
-6.034033926433469475e+00,-6.821053839866273449e+00,2.277615977055562979e+01
-6.456708159502023925e+00,-7.862673341682968164e+00,2.222875053281368452e+01
-7.125761358431280001e+00,-9.092831859366265590e+00,2.216366795642599286e+01
-8.024358305180207651e+00,-1.042340402396456156e+01,2.274257108927103488e+01
-8.882612215343183237e+00,-1.143189635706791663e+01,2.379535529034630414e+01
-9.656498711360756104e+00,-1.208176278894368139e+01,2.515511300688059393e+01
-1.034486035741416288e+01,-1.233061014877450212e+01,2.680041240932466806e+01
-1.081849976924887535e+01,-1.209717961763082705e+01,2.840991445676582927e+01
-1.105014176589117447e+01,-1.143041795182231724e+01,2.982533465221446889e+01
-1.102071670551759830e+01,-1.041802209187045491e+01,3.090639499824096603e+01
-1.073932959026850575e+01,-9.224214402624406617e+00,3.153406372140932490e+01
-1.026419156867160787e+01,-8.040404325083205350e+00,3.169526978494620195e+01
-9.658538523366610562e+00,-6.975729615444337561e+00,3.146298120058094128e+01
-8.967329204415600330e+00,-6.078396249929197026e+00,3.090852133804409618e+01
-8.227843844886484348e+00,-5.378076059507203688e+00,3.008287000109496390e+01
-7.478545104219695538e+00,-4.899316771594675046e+00,2.902215919866941363e+01
-6.767470435451313548e+00,-4.668478849766853678e+00,2.775621715941701595e+01
-6.164404782706841779e+00,-4.717526581591982904e+00,2.633192556451295729e+01
-5.753115347082639275e+00,-5.091780465933080535e+00,2.480165975777545384e+01
-5.643280009344763037e+00,-5.719986407232262593e+00,2.351567843410461833e+01
-5.805592183857743116e+00,-6.574527020213560391e+00,2.251393721173578655e+01
-6.213394529380319220e+00,-7.617030036604795384e+00,2.189026874197202943e+01
-6.873944083533039873e+00,-8.872977087674611241e+00,2.172577598206278537e+01
-7.793293943679245217e+00,-1.029329236145083470e+01,2.220475017246566196e+01
-8.722935676969477470e+00,-1.145562505485809091e+01,2.324353059281223111e+01
-9.571171571074200912e+00,-1.224717614751095240e+01,2.464111418909386941e+01
-1.035113024269146820e+01,-1.263178040006470937e+01,2.639677748375888200e+01
-1.090809054295320202e+01,-1.249246771172931503e+01,2.814459260361336845e+01
-1.121554016146083299e+01,-1.188045852537394254e+01,2.971315101946152382e+01
-1.125503434492340737e+01,-1.087830838180352622e+01,3.096192247508432871e+01
-1.102610043028400177e+01,-9.637702333117351472e+00,3.175867734942448095e+01
-1.057777923023512656e+01,-8.362901596291695938e+00,3.206028977646003142e+01
-9.977285219986820053e+00,-7.190890618538841927e+00,3.193087788804985649e+01
-9.274111642500754371e+00,-6.182018460431609519e+00,3.144954988290881204e+01
-8.506513080411270522e+00,-5.369310055395266623e+00,3.067457685086314711e+01
-7.711448648382783766e+00,-4.777478883750834626e+00,2.964650438705379187e+01
-6.932400894844954919e+00,-4.430427379835264468e+00,2.839474287779677653e+01
-6.232748697529978621e+00,-4.356445690163723405e+00,2.695820390690930779e+01
-5.697840153936694740e+00,-4.582946230009637745e+00,2.540769260483701686e+01
-5.419277328837558194e+00,-5.142797634362046288e+00,2.384229336098273677e+01
-5.448057106212996104e+00,-5.875879334386895358e+00,2.267717272131245210e+01
-5.723203337186583362e+00,-6.811432811558190359e+00,2.180967200878028933e+01
-6.241897529164956104e+00,-7.962737503355701740e+00,2.131618109884086465e+01
-7.033960649045873481e+00,-9.360728614662372493e+00,2.133963026206851765e+01
-8.089671014180888520e+00,-1.089849044971631109e+01,2.210848853106285361e+01
-9.064290951436907662e+00,-1.203241931498446426e+01,2.338098173542667624e+01
-9.927811747138337140e+00,-1.274567523934236668e+01,2.496776407571460155e+01
-1.069504629722835709e+01,-1.300107788681435750e+01,2.686982767344424161e+01
-1.121896685779324088e+01,-1.271022537105075934e+01,2.870607071291357570e+01
-1.147640238161300630e+01,-1.193797954590591814e+01,3.030877765518297196e+01
-1.145151610150671218e+01,-1.078710926224222355e+01,3.153417679539390051e+01
-1.115550964827481373e+01,-9.438135342649438542e+00,3.226190852951481247e+01
-1.064780744121892120e+01,-8.096252636700706162e+00,3.248176148135713248e+01
-9.993274106726552475e+00,-6.880189930612509386e+00,3.227268244276275766e+01
-9.238115626501921085e+00,-5.842560453795536013e+00,3.171312964223560371e+01
-8.419510357263931155e+00,-5.013961256537339928e+00,3.085949474701887496e+01
-7.574359918725737550e+00,-4.417580256407763528e+00,2.975031215430784215e+01
-6.747945080736004186e+00,-4.076381125074444611e+00,2.841365147329485552e+01
-6.010844649913608784e+00,-4.016226570483805602e+00,2.689682832497691223e+01
-5.450896337331675667e+00,-4.254194908122808982e+00,2.527949647313097259e+01
-5.155203596695833390e+00,-4.791471208637201329e+00,2.369623828856851588e+01
-5.165396172777929173e+00,-5.572454363148766632e+00,2.236755590139489414e+01
-5.423105910042412603e+00,-6.488979965074210376e+00,2.144067008998004553e+01
-5.918855788059198098e+00,-7.627299846497133551e+00,2.085358165271262010e+01
-6.693600520565479606e+00,-9.045998998647229783e+00,2.074198746522698045e+01
-7.769669803045337275e+00,-1.069575390727886166e+01,2.136441142399147708e+01
-8.842041213248409193e+00,-1.204477112343601242e+01,2.261840082922668316e+01
-9.804990829750627412e+00,-1.295423247155258473e+01,2.425664122468104722e+01
-1.069538014515671165e+01,-1.339814651993328276e+01,2.631160642593292565e+01
-1.132891989603433203e+01,-1.323622834769566836e+01,2.833386883411190027e+01
-1.168493766956218138e+01,-1.253964272856148199e+01,3.013805088292783552e+01
-1.174992073794818737e+01,-1.140602210992756760e+01,3.158202338541475385e+01
-1.152418107028896443e+01,-1.000093745608742957e+01,3.252950207945184502e+01
-1.105601559723275784e+01,-8.545429620041730345e+00,3.293343143074766743e+01
-1.041458994064114130e+01,-7.193523597966020589e+00,3.286083039756481128e+01
-9.651907350250514384e+00,-6.014486223306800383e+00,3.239982010524898470e+01
-8.806846089580666614e+00,-5.044082464156301349e+00,3.161694605528751012e+01
-7.915024627537287749e+00,-4.306535661818444716e+00,3.055807804511310266e+01
-7.016359175845972906e+00,-3.822569919191319610e+00,2.925347994700274157e+01
-6.170664864726305154e+00,-3.615339567262864318e+00,2.773832276075709657e+01
-5.471283614713651211e+00,-3.698353235011272666e+00,2.610151935995674322e+01
-4.978175209653207922e+00,-4.091103061551010001e+00,2.434839689008856212e+01
-4.806015420476622779e+00,-4.661703294654809149e+00,2.293947551976405919e+01
-4.874319565530144338e+00,-5.415435428856371303e+00,2.174858240766981510e+01
-5.163674251244914970e+00,-6.347012966015630475e+00,2.083305133556669375e+01
-5.689774377736094735e+00,-7.521206974971986980e+00,2.023296246154595934e+01
-6.509865762080445428e+00,-9.018195403138529187e+00,2.010511422676232485e+01
-7.658523469428104136e+00,-1.080126085278159032e+01,2.074585489013780659e+01
-8.823628839780960575e+00,-1.230411256446798873e+01,2.208770859213744231e+01
-9.869049490140820780e+00,-1.333242663691231122e+01,2.385060002659372458e+01
-1.074945432527909084e+01,-1.384041143558222053e+01,2.583154663848045729e+01
-1.147725300132859871e+01,-1.378732199018737603e+01,2.802768637050491307e+01
-1.192201732201954556e+01,-1.314608529126984138e+01,3.003566876049390189e+01
-1.206505208687640085e+01,-1.201416700503010127e+01,3.168867724257858853e+01
-1.190125818212359654e+01,-1.054853487814984803e+01,3.284209078684977356e+01
-1.146864303335797786e+01,-8.977780922891309245e+00,3.342128220231487035e+01
-1.083741849511815936e+01,-7.487007014532922611e+00,3.347770390243750427e+01
-1.006512344170914730e+01,-6.164568189787936525e+00,3.310660353665963385e+01
-9.193014360199970980e+00,-5.052679466489845339e+00,3.238489432417615177e+01
-8.256364474363122596e+00,-4.177361590222390397e+00,3.136659074130328406e+01
-7.291678634652374313e+00,-3.558115448060608976e+00,3.008682881815277099e+01
-6.349500606381559997e+00,-3.214878552284377022e+00,2.857469829219938617e+01
-5.520757363735867784e+00,-3.162636736419461858e+00,2.691047778560786341e+01
-4.885656400182650572e+00,-3.388422300610885785e+00,2.517564715373349316e+01
-4.517666094092712470e+00,-3.849240637797904707e+00,2.353178943770060627e+01
-4.419139811993772149e+00,-4.498868938903182624e+00,2.208568377365353186e+01
-4.547661519251279039e+00,-5.268482942385282364e+00,2.095298277421536071e+01
-4.880640990816712765e+00,-6.222935161720013042e+00,2.006064342789718680e+01
-5.454071347031282713e+00,-7.452224301032811304e+00,1.946181257148702670e+01
-6.346540529831348643e+00,-9.064277602121002531e+00,1.934582214278827905e+01
-7.594366238644539635e+00,-1.101354219509741483e+01,2.005633182024040551e+01
-8.861362794251320452e+00,-1.267622229034669168e+01,2.152968385215781666e+01
-9.996872072737934545e+00,-1.382334069727569492e+01,2.345970412187264031e+01
-1.094998419977259019e+01,-1.440141833274331340e+01,2.561462673452249206e+01
-1.174849073413017742e+01,-1.437437861113810200e+01,2.801985630798720450e+01
-1.224586684303456607e+01,-1.370707333189186095e+01,3.021990149520921065e+01
-1.242632284528322550e+01,-1.250730490894714642e+01,3.204229923737200636e+01
-1.228502401951914713e+01,-1.093819845799578694e+01,3.333964224592298109e+01
-1.185724549397145111e+01,-9.238418003369487153e+00,3.402913787824351033e+01
-1.121362772190693669e+01,-7.610438646666191076e+00,3.415846423503644047e+01
-1.041450613580697571e+01,-6.154358621921629968e+00,3.382905141717609609e+01
-9.502624585447380312e+00,-4.916810391355718401e+00,3.312599635484764349e+01
-8.513099263298279595e+00,-3.924851809718834073e+00,3.211006677080909810e+01
-7.480442520335754075e+00,-3.196850141892104702e+00,3.082109949944197069e+01
-6.449935669037605734e+00,-2.749699477544105264e+00,2.928749829386436332e+01
-5.509614326361629288e+00,-2.597488064502168292e+00,2.758381388362150588e+01
-4.756112543170558205e+00,-2.716758161534995608e+00,2.582556051755850035e+01
-4.189895916491647831e+00,-3.123790597758782539e+00,2.386785347293799830e+01
-3.977273940189093082e+00,-3.618045460817961967e+00,2.242108241160472559e+01
-3.966300210866771092e+00,-4.242791335064341141e+00,2.113978857596927341e+01
-4.137685569186916545e+00,-5.001745674421861132e+00,2.005472886915322306e+01
-4.500138404162452588e+00,-5.961108211539329460e+00,1.916067213795074053e+01
-5.105454608550141771e+00,-7.226925696732317661e+00,1.852959938157365372e+01
-6.061781595433573422e+00,-8.956858825242484556e+00,1.837392391297381877e+01
-7.407156153451255776e+00,-1.110153989921402840e+01,1.909329350696544125e+01
-8.911839730657035830e+00,-1.313441866974875794e+01,2.083097116779201485e+01
-1.015682636802288563e+01,-1.443216903739575585e+01,2.296996150246865298e+01
-1.119749968765530745e+01,-1.509866364823911766e+01,2.534042799825663650e+01
-1.208185316265719145e+01,-1.510528024574390393e+01,2.800606692271519904e+01
-1.264260748502959686e+01,-1.440625993820989059e+01,3.044304581483130789e+01
-1.286815685095809236e+01,-1.312352698677600848e+01,3.247274253372368946e+01
-1.275470675131137455e+01,-1.142849658570085936e+01,3.394547824663528246e+01
-1.233476834457108851e+01,-9.571972296311921369e+00,3.476966929022416508e+01
-1.167921747990805237e+01,-7.776913805262703150e+00,3.498854146650095487e+01
-1.085161755231241365e+01,-6.158142897061865462e+00,3.471069281682520824e+01
-9.896747576715249295e+00,-4.768176544030000130e+00,3.403144082444045893e+01
-8.849957362409645256e+00,-3.635701154931029855e+00,3.302046078352904601e+01
-7.744016266022203610e+00,-2.778156120105693017e+00,3.172463272675225809e+01
-6.618550078766599398e+00,-2.209103932633171397e+00,3.017438360131264830e+01
-5.553258983720509967e+00,-1.941327584411425278e+00,2.843372415587499802e+01
-4.664238548247708671e+00,-1.950395401427110542e+00,2.664500580540442343e+01
-3.960520510839770303e+00,-2.194221956477136359e+00,2.476202735820608325e+01
-3.563255163840945539e+00,-2.561627381461044184e+00,2.317232301447350906e+01
-3.372118940679555088e+00,-3.035251439732737921e+00,2.172199413232658927e+01
-3.358468976612636769e+00,-3.587361591650450432e+00,2.046822017454152842e+01
-3.496515388199359364e+00,-4.251278632941924762e+00,1.935897747807794644e+01
-3.796526155837566030e+00,-5.089499855634701753e+00,1.838205260796405227e+01
-4.304561996790557288e+00,-6.203531603532526972e+00,1.758046523540047446e+01
-5.133353148778915909e+00,-7.786269909573482195e+00,1.709499507391830164e+01
-6.466231360364674607e+00,-1.007646619418019540e+01,1.734403732813767718e+01
-8.015498436179990804e+00,-1.244033824199534877e+01,1.864023902244609943e+01
-9.636346278157448708e+00,-1.449613536943113701e+01,2.094914815415854648e+01
-1.091655139100950578e+01,-1.567195446843584250e+01,2.349688235004623138e+01
-1.196157807749574431e+01,-1.614058267710838024e+01,2.619861129879608086e+01
-1.281036579180901214e+01,-1.586419735256500907e+01,2.910993600494419553e+01
-1.331016961488667860e+01,-1.485073789093296881e+01,3.169598459634808307e+01
-1.345063152092786041e+01,-1.324988354063469664e+01,3.377588505165825694e+01
-1.323677941069673736e+01,-1.127877174716030062e+01,3.520367771700184534e+01
-1.271787710059023091e+01,-9.215800966787407233e+00,3.592859903119779119e+01
-1.196862684005380295e+01,-7.266554013609439977e+00,3.603375258618660837e+01
-1.104830059077355564e+01,-5.528764154115736851e+00,3.563906995783742815e+01
-9.999048472042280977e+00,-4.048502213990190057e+00,3.484277419536069687e+01
-8.854739952261786229e+00,-2.850315179559648193e+00,3.371694279001165739e+01
-7.646767108316303130e+00,-1.947372727041574159e+00,3.231019379764970267e+01
-6.415715996214813366e+00,-1.348937442591365388e+00,3.065686488341225413e+01
-5.255362717107555426e+00,-1.060874191812445355e+00,2.884489574997671824e+01
-4.282467926201004360e+00,-1.039188825044612408e+00,2.702385898032527578e+01
-3.479292555965224132e+00,-1.222450324259903631e+00,2.511282682340561223e+01
-2.987274096418250036e+00,-1.498992011692330317e+00,2.351533625072365652e+01
-2.682405223465239352e+00,-1.844010077560480187e+00,2.203543684476522913e+01
-2.539056350934511652e+00,-2.226522138306008092e+00,2.073179983538162574e+01
-2.518976670739003332e+00,-2.662267739015032220e+00,1.954108649635325179e+01
-2.610886091813202636e+00,-3.179347695143468044e+00,1.843386492698721568e+01
-2.823066088839259358e+00,-3.824276350993769391e+00,1.739902084941597238e+01
-3.187635123341381771e+00,-4.675667603180860610e+00,1.644827752669608856e+01
-3.786271514683099859e+00,-5.892230681971490469e+00,1.563234058015216910e+01
-4.894541062337085080e+00,-7.953696259438310712e+00,1.515330979714508963e+01
-6.154268498386661790e+00,-1.014144166582257611e+01,1.547942007994837610e+01
-7.756287329548944953e+00,-1.269666842544716800e+01,1.678823679966127358e+01
-9.468919991719138451e+00,-1.505737277944725072e+01,1.912067609617905006e+01
-1.100139248573508333e+01,-1.668547323603230836e+01,2.204332062878668808e+01
-1.224626351809095048e+01,-1.746274450640943954e+01,2.513466816579699881e+01
-1.331201176350018578e+01,-1.739423417603795130e+01,2.858698001895186280e+01
-1.398918227775058476e+01,-1.644005173555125410e+01,3.169330669782144483e+01
-1.427718495183377456e+01,-1.477285707146220695e+01,3.426230250463564886e+01
-1.417891299641539149e+01,-1.260872915351849954e+01,3.614074952722365452e+01
-1.373041684170535426e+01,-1.024826426374384525e+01,3.723645373829986482e+01
-1.300674525426670769e+01,-7.956883185310301698e+00,3.760745337108044595e+01
-1.207699293570862942e+01,-5.875175223933555735e+00,3.738839323751416543e+01
-1.099028008452459559e+01,-4.066929869112432705e+00,3.670270062828571156e+01
-9.783949690818266376e+00,-2.563555642877525909e+00,3.564607693853547232e+01
-8.489720683630698872e+00,-1.379179920706596230e+00,3.428923510461300594e+01
-7.139823047302295222e+00,-5.180546077611959399e-01,3.268173787980290257e+01
-5.792195186194398104e+00,1.827668266747661807e-02,3.088115669462630208e+01
-4.579796086056866500e+00,2.490208010344682199e-01,2.904416846393358043e+01
-3.532246091860882231e+00,2.570437679542216247e-01,2.719321497767157325e+01
-2.705162674597445083e+00,1.225746509160476894e-01,2.541841379545352453e+01
-2.174496915129276342e+00,-4.918176213588745793e-02,2.399910826948342901e+01
-1.782330040633644863e+00,-2.430038081481910861e-01,2.266691868788129938e+01
-1.510837678786471461e+00,-4.392045199298092450e-01,2.144823106599487161e+01
-1.328078316662747671e+00,-6.381763281430347101e-01,2.030083309983249507e+01
-1.216704849770554597e+00,-8.434372508008464164e-01,1.920659461326880191e+01
-1.165918998427527109e+00,-1.062221596308107197e+00,1.815315633175116616e+01
-1.170091001226019722e+00,-1.305820879569361992e+00,1.713066773584356994e+01
-1.228863902681045062e+00,-1.591153156407124403e+00,1.613047576603228705e+01
-1.349006999113577132e+00,-1.945423248677515371e+00,1.514241541566715910e+01
-1.548518779899755726e+00,-2.413949033146770340e+00,1.415947818306110229e+01
-1.870120062036675357e+00,-3.087126939984218499e+00,1.317389352505604627e+01
-2.422018992940796700e+00,-4.177073330392053307e+00,1.219804730671585347e+01
-3.185782286358916249e+00,-5.644047837041769711e+00,1.154273406966415294e+01
-4.152362013430516363e+00,-7.465364276758726270e+00,1.132357262632602080e+01
-5.461238895087078049e+00,-9.865027077041300885e+00,1.169452135290369021e+01
-6.910675010777158178e+00,-1.239952464442060887e+01,1.275834530559895263e+01
-8.682394904300750227e+00,-1.524559866878290748e+01,1.484686747672646945e+01
-1.055769714027884376e+01,-1.781641638904379121e+01,1.797447467071384253e+01
-1.230534566068917002e+01,-1.958476825977312785e+01,2.183311269256541820e+01
-1.369010701417225917e+01,-2.027685461732935934e+01,2.573266204793871736e+01
-1.485692624025024955e+01,-1.991333770042783868e+01,2.997728883487561191e+01
-1.558107421175545326e+01,-1.850616223201117450e+01,3.372147508071336830e+01
-1.586684142663292896e+01,-1.627965622403375079e+01,3.676251371918102251e+01
-1.572324825129974002e+01,-1.351404045083896044e+01,3.893978962096242213e+01
-1.519786532245080757e+01,-1.057397038754178453e+01,4.018233947538279693e+01
-1.437347944641462938e+01,-7.753486838185498442e+00,4.058940195626549041e+01
-1.332297236700122056e+01,-5.202914704313656102e+00,4.033013122657009575e+01
-1.209987368718069511e+01,-2.990919027438173394e+00,3.955786659599711896e+01
-1.074764380712090173e+01,-1.149722154831113397e+00,3.839855379803967139e+01
-9.307886984702074429e+00,3.094627132795753077e-01,3.695808737972363645e+01
-7.833762300616351482e+00,1.388187734128891737e+00,3.533809385104110845e+01
-6.099551179164388159e+00,2.221654482977009071e+00,3.328434871725698940e+01
-4.202646804286265692e+00,2.684819814392777282e+00,3.083993108056368726e+01
-2.778684812837725282e+00,2.770609928882597384e+00,2.880006078899130273e+01
-1.627650138541147484e+00,2.702810206922239278e+00,2.692415746488167727e+01
-7.362553554781018361e-01,2.591089598042785713e+00,2.522584463775485020e+01
-1.421872285340429753e-01,2.512094916099076425e+00,2.389744147785031814e+01
3.336172384100806743e-01,2.473243370792237439e+00,2.266413915424183401e+01
6.967696539011722923e-01,2.484724094780780046e+00,2.159182516712348843e+01
1.016251272163062991e+00,2.552047665692892320e+00,2.054797957717224932e+01
1.306817507366351272e+00,2.686001096542243616e+00,1.953778895726932419e+01
1.586042506843496902e+00,2.898830564064314608e+00,1.856256318014555973e+01
1.872914382028437075e+00,3.206557744174675317e+00,1.762612761412917806e+01
2.188854205275420739e+00,3.631557817607449223e+00,1.673702823565716002e+01
2.559367478753172165e+00,4.205580085721948080e+00,1.591197309842570817e+01
3.016354729608079044e+00,4.973242346210795084e+00,1.518139410752207574e+01
3.601268980782937668e+00,5.995837284167428116e+00,1.459875367304218763e+01
4.370155070428192623e+00,7.355639094958949187e+00,1.425722334065439334e+01
5.403713446073052928e+00,9.161200472799640337e+00,1.432511096732583233e+01
6.810034926642062558e+00,1.151659609645521343e+01,1.511988422668001775e+01
8.519357927974006373e+00,1.412941833427145788e+01,1.696220359778116560e+01
1.030694557920847032e+01,1.641393563827745794e+01,1.985119857296239587e+01
1.178720481113800211e+01,1.776048116635695706e+01,2.307105168709684406e+01
1.297630243143844631e+01,1.823355335814339639e+01,2.638675031526983616e+01
1.394478181201043299e+01,1.780393173774721305e+01,2.993159001002042530e+01
1.451639179391531087e+01,1.650225558326873454e+01,3.304603054824857367e+01
1.468660479627171789e+01,1.451861086776357368e+01,3.553756325435418262e+01
1.446500394756066044e+01,1.211357020058972012e+01,3.725562924757829819e+01
1.390528063402543602e+01,9.608939725639665141e+00,3.815709293133623703e+01
1.308651937699472967e+01,7.239707246871388335e+00,3.834539573215215569e+01
1.207235993447123690e+01,5.118975484238629470e+00,3.796504005476920440e+01
1.090845553577099736e+01,3.299067113653642469e+00,3.713840730216555386e+01
9.630983777020976078e+00,1.805046543871315690e+00,3.596061577883918403e+01
8.271967665226343414e+00,6.458261546513901497e-01,3.450318280360183110e+01
6.867646729886805801e+00,-1.788746050836781398e-01,3.282112687073215795e+01
5.494530386401931921e+00,-6.732106370937106510e-01,3.099964210241080309e+01
4.165254601518547872e+00,-8.866926467614110186e-01,2.901402280140202450e+01
3.053428863697535967e+00,-8.719596734136644267e-01,2.707907396844837322e+01
2.128101737318005782e+00,-7.187994165294211424e-01,2.511174718704778286e+01
1.585942983692164576e+00,-5.606403369392237712e-01,2.366732780256967317e+01
1.181531635572570682e+00,-4.008561407123852893e-01,2.231562742601635208e+01
9.006253269838477848e-01,-2.606648339690150751e-01,2.111582002975602990e+01
7.025893570524719411e-01,-1.392136929195375017e-01,2.002129026307950710e+01
5.627097727161634033e-01,-3.313929032905227334e-02,1.900079480535385201e+01
4.656997303443533021e-01,6.119998556306027737e-02,1.803573200222488282e+01
4.012958333720753057e-01,1.478743786349709377e-01,1.711071677540229530e+01
3.624714053252230395e-01,2.322473384388232254e-01,1.620201507230338578e+01
3.460072215349099256e-01,3.185927505416517591e-01,1.530653663610529058e+01
3.502036369931729731e-01,4.126402839724017113e-01,1.441953713040341434e+01
3.752958933865107038e-01,5.222897522216991550e-01,1.353545377031264074e+01
4.242603513875983778e-01,6.594529596926124171e-01,1.264667057140574968e+01
5.045549984010538891e-01,8.436507013875180760e-01,1.174400772685274497e+01
6.327218829582733628e-01,1.111477849247151095e+00,1.081321652842793490e+01
8.401345769674414266e-01,1.528268651625967589e+00,9.859383976179023179e+00
1.128270463827322878e+00,2.100655541192460785e+00,9.039276631012945984e+00
1.496674554065187124e+00,2.831788370090897011e+00,8.394963661818453105e+00
1.974174677424520574e+00,3.780416802045294844e+00,7.904595593355357330e+00
2.601388391132112510e+00,5.025805607083110971e+00,7.587707410098095018e+00
3.436787354105840464e+00,6.676548574149883564e+00,7.512822017347649428e+00
4.572847022583522936e+00,8.891647769685649294e+00,7.834114352951575988e+00
6.121149453856292055e+00,1.182054938943628386e+01,8.859123741236873073e+00
7.686871769159571599e+00,1.462666030311916820e+01,1.048365499968685555e+01
9.558752464433238671e+00,1.768643638448323330e+01,1.316303944479979826e+01
1.156845909724218124e+01,2.045536450588724975e+01,1.697107079488682402e+01
1.349467192153276329e+01,2.234414386139805586e+01,2.166917485606157356e+01
1.500192968473106347e+01,2.295891156635345354e+01,2.630060076975207295e+01
1.626372745295936184e+01,2.232864260944337076e+01,3.127093211995477162e+01
1.704102126499340741e+01,2.050833815674561578e+01,3.560986659138205113e+01
1.734062956923418142e+01,1.776551262537264364e+01,3.910145558732114068e+01
1.717487442364956252e+01,1.443678010813208878e+01,4.157425080577477416e+01
1.659884617948887708e+01,1.094565117347065453e+01,4.297071386290373596e+01
1.570211116453794276e+01,7.618682409602342887e+00,4.342341688667015376e+01
1.456322660477675157e+01,4.620709748260496852e+00,4.313501936463388375e+01
1.324305289623920068e+01,2.028242309870856630e+00,4.229094715752228240e+01
1.179744177989816478e+01,-1.211208007117847707e-01,4.105263164097286932e+01
1.029681567810097143e+01,-1.807243249725967171e+00,3.957822611709494254e+01
8.571614900609374033e+00,-3.221963557210338003e+00,3.775011306186187454e+01
6.430668041442766381e+00,-4.365765414782750042e+00,3.536894364928938472e+01
4.321014569366930402e+00,-4.963418362890098301e+00,3.293421888423325328e+01
2.542889464253830667e+00,-5.137624838411089634e+00,3.079207004760583999e+01
1.123156268265862900e+00,-5.105914813249361472e+00,2.897314181473973704e+01
-8.870080742352515202e-02,-5.000392697879970427e+00,2.728121683323504598e+01
-9.957750181062685613e-01,-4.916897553517245889e+00,2.587645451648617723e+01
-1.723637628545546807e+00,-4.895536967872339496e+00,2.462631664132428355e+01
-2.315173460304286390e+00,-4.959426471585536511e+00,2.351782848697745365e+01
-2.827166901929622611e+00,-5.123844303015422597e+00,2.250947918528110492e+01
-3.297908959223046388e+00,-5.404581814665498918e+00,2.159211326067404713e+01
-3.761312657521315828e+00,-5.819484014770163860e+00,2.077177426740473010e+01
-4.251250039302603589e+00,-6.390577460738709803e+00,2.006828924479963661e+01
-4.804232943199282957e+00,-7.145645249414998013e+00,1.951956415975613623e+01
-5.462051758902506826e+00,-8.118206335879243341e+00,1.919096425524270089e+01
-6.274595654214524032e+00,-9.343100536554363345e+00,1.919270570962597233e+01
-7.301253252116370440e+00,-1.083817741831392922e+01,1.971125278720873197e+01
-8.592652242347050162e+00,-1.253040872174293696e+01,2.104554307430274562e+01
-9.799128791291494167e+00,-1.380675005192976101e+01,2.294316795700593303e+01
-1.081934886327266909e+01,-1.451445847654814436e+01,2.511141536244393535e+01
-1.169845870491467643e+01,-1.461773205930804131e+01,2.759694466125075962e+01
-1.227088905636971816e+01,-1.404960069744385898e+01,2.990579831172699343e+01
-1.252277130573810560e+01,-1.291513045181839914e+01,3.185795029992724281e+01
-1.244699849210056897e+01,-1.136484374146513687e+01,3.330306633132316563e+01
-1.206906422022114356e+01,-9.631115666161273126e+00,3.413614230707768371e+01
-1.145691100184578382e+01,-7.937753141885565356e+00,3.438191775316771981e+01
-1.067543966162531888e+01,-6.404801176674193464e+00,3.414122809987056684e+01
-9.770436074773698465e+00,-5.086538930802415592e+00,3.350617504747869901e+01
-8.777929706700529522e+00,-4.012886068272735862e+00,3.254386383424485985e+01
-7.731647415162960613e+00,-3.203046500004725239e+00,3.129936461983614038e+01
-6.672069224920821995e+00,-2.672859150950019469e+00,2.980178221914734848e+01
-5.675176566845444803e+00,-2.438126400708579222e+00,2.810818799373959109e+01
-4.851066768908213866e+00,-2.482819500953429959e+00,2.634935984388659591e+01
-4.217786885981054112e+00,-2.784110914632460521e+00,2.447736337226298531e+01
-3.901110387845088567e+00,-3.216786761758026358e+00,2.293757265794054234e+01
-3.796957156143287992e+00,-3.777224376282604990e+00,2.155414496003355396e+01
-3.878485534102853904e+00,-4.447315358228032700e+00,2.037627206182496309e+01
-4.134542991203900009e+00,-5.275495759097755588e+00,1.937189179165116215e+01
-4.595489164202920307e+00,-6.347783357966813256e+00,1.856570230539288247e+01
-5.341117053208282783e+00,-7.803092623280370788e+00,1.807753869576743355e+01
-6.505119575573544921e+00,-9.809503850172085038e+00,1.822782523314159775e+01
-7.965577809811812848e+00,-1.202163077913788491e+01,1.937485791270054492e+01
-9.516079209163228469e+00,-1.395413200879375459e+01,2.153006919719384626e+01
-1.070327358278594865e+01,-1.501377479967443129e+01,2.386003353184733911e+01
-1.167540977805909996e+01,-1.542570818457180337e+01,2.634873459047427602e+01
-1.245492039630485870e+01,-1.514740398275298183e+01,2.901651610070155130e+01
-1.290408777122309480e+01,-1.418938907326545262e+01,3.138511741697430324e+01
-1.300987592201751220e+01,-1.268926907115596237e+01,3.327872575986746284e+01
-1.277745048629966718e+01,-1.085496546782581895e+01,3.455524099192061271e+01
-1.225772724090011856e+01,-8.949675309353885666e+00,3.517084827601780006e+01
-1.152384043416999759e+01,-7.160690070373250116e+00,3.520784551718288213e+01
-1.063225707373131002e+01,-5.575202892520533915e+00,3.477728699533273726e+01
-9.623532133904737051e+00,-4.235259930357331726e+00,3.396757445470316839e+01
-8.531295286905518083e+00,-3.164523157869897574e+00,3.284204083111911388e+01
-7.388493620199336753e+00,-2.377516582434038739e+00,3.144186687457483842e+01
-6.241837352674669326e+00,-1.886994232971907826e+00,2.979935704617826175e+01
-5.194506878806185668e+00,-1.698646615153042161e+00,2.801487264642788588e+01
-4.340535683644950460e+00,-1.766682217414089262e+00,2.620792451745136731e+01
-3.653606147148455996e+00,-2.068682464173924540e+00,2.422545820465931854e+01
-3.316150984801010004e+00,-2.440574548414763179e+00,2.271247481607487018e+01
-3.161114105086301418e+00,-2.900094976858477391e+00,2.132828823872907975e+01
-3.163772416071950033e+00,-3.435556121563300369e+00,2.010557427438364542e+01
-3.307817929530733725e+00,-4.081461029323449452e+00,1.900702287193715279e+01
-3.607025081541250788e+00,-4.900406415349463529e+00,1.802548463350854391e+01
-4.109659911398377830e+00,-5.996796438002036211e+00,1.720193811255273886e+01
-4.936719359730290968e+00,-7.581123981445300863e+00,1.667002310790522657e+01
-6.119345992101609788e+00,-9.646385713389866723e+00,1.678387658023752493e+01
-7.646575399017653929e+00,-1.205832798814398821e+01,1.788176726266545202e+01
-9.282906657189807120e+00,-1.426830214730836133e+01,2.000520113386496490e+01
-1.067593855990734752e+01,-1.570872822932821222e+01,2.258443501605994896e+01
-1.182015303889736657e+01,-1.640202489078873427e+01,2.535716999900926893e+01
-1.279027984122987327e+01,-1.633185157886377681e+01,2.844455775408672338e+01
-1.340057547956438988e+01,-1.546320984507504193e+01,3.123261319399017566e+01
-1.364494738264155949e+01,-1.394634436681737988e+01,3.353579937590453142e+01
-1.352393176097557337e+01,-1.198101791059757559e+01,3.520253316263756460e+01
-1.307419616292104614e+01,-9.847059815883596912e+00,3.614636442950786943e+01
-1.236944753814619524e+01,-7.786012820280953761e+00,3.642391187711717748e+01
-1.147531893543166959e+01,-5.922468645835754941e+00,3.615838408867422515e+01
-1.043810218195689110e+01,-4.313253612761551281e+00,3.545906554303081037e+01
-9.293463831164903155e+00,-2.987584045274745748e+00,3.440823564651590516e+01
-8.072642049040187118e+00,-1.960436028412124942e+00,3.306374255317212629e+01
-6.810214678345047012e+00,-1.239989721014182589e+00,3.146361388072910970e+01
-5.576512762258519551e+00,-8.335921454828872923e-01,2.966797874329910201e+01
-4.504314101838180484e+00,-7.165187489925840536e-01,2.783699846704596936e+01
-3.617237155651711333e+00,-8.124464511356509488e-01,2.598358710350791512e+01
-2.985248522338713961e+00,-1.038316355677493030e+00,2.427361370900354487e+01
-2.564356210551705928e+00,-1.339139584603539879e+00,2.268790385698485679e+01
-2.332730722284270808e+00,-1.661846820799265378e+00,2.133189998582175662e+01
-2.227807614741933673e+00,-2.016517601440172669e+00,2.010107254994750292e+01
-2.226674880442145898e+00,-2.420898329983738329e+00,1.895313435700338545e+01
-2.324258287630067255e+00,-2.901858283876841860e+00,1.786995196202018121e+01
-2.531228587107904993e+00,-3.505020824681779334e+00,1.684186869971852829e+01
-2.880293722580364424e+00,-4.307910815667365334e+00,1.587773111171591012e+01
-3.454767346858188315e+00,-5.473693299718873639e+00,1.501577653305207782e+01
-4.562980235770919712e+00,-7.552622823270351837e+00,1.442517225328155206e+01
-5.811376432459551822e+00,-9.760590833785787623e+00,1.464492007460512468e+01
-7.225483357230861436e+00,-1.209982078834245200e+01,1.563592149391890196e+01
-8.925613515781238405e+00,-1.461648619648087788e+01,1.768039797507825739e+01
-1.070890584888226016e+01,-1.674829531088888857e+01,2.080046580135443790e+01
-1.208916995774613667e+01,-1.783232644811949541e+01,2.401375275299069401e+01
-1.318992971857849383e+01,-1.807232144562643583e+01,2.729041384154418992e+01
-1.404806604606170239e+01,-1.742253328754410191e+01,3.069382510704123490e+01
-1.451470020790036131e+01,-1.595322233887901930e+01,3.363286546118770559e+01
-1.458304879337598869e+01,-1.386303152935231431e+01,3.591735855973665537e+01
-1.427064387045263416e+01,-1.143405492777268506e+01,3.741075995376972685e+01
-1.364175812393744103e+01,-8.977035974804893570e+00,3.811034720885465532e+01
-1.277362016290235580e+01,-6.690872267940223495e+00,3.813915122538393376e+01
-1.172425293394539025e+01,-4.667218109554273298e+00,3.763684684213902898e+01
-1.053596550341721994e+01,-2.949442750004763525e+00,3.671696518522777808e+01
-9.243169753374187891e+00,-1.557866178076013020e+00,3.546667923195761318e+01
-7.877396295495721290e+00,-4.987417573852983566e-01,3.395029215391177502e+01
-6.479327734108834669e+00,2.286423715478145269e-01,3.222055857919506394e+01
-5.146572464733176311e+00,6.306371953440919054e-01,3.038629934931530840e+01
-3.893981891031732534e+00,7.689211167355408660e-01,2.842746351066817923e+01
-2.850331573721733847e+00,7.072352725439573495e-01,2.649962011914054827e+01
-2.111934874468356149e+00,5.569481837832450655e-01,2.483247237386244777e+01
-1.566024039688114211e+00,3.757894300270918642e-01,2.328442733026167133e+01
-1.207092876954340088e+00,2.112480574168704162e-01,2.197906439968344117e+01
-9.609234453628134887e-01,6.468357005955693850e-02,2.081961927470869611e+01
-7.900672413657967574e-01,-6.714854244346216139e-02,1.975552286114221801e+01
-6.736833982991160541e-01,-1.880301040070800067e-01,1.876102938272938303e+01
-5.968694686667765925e-01,-3.057242713726266992e-01,1.779136507991144356e+01
-5.540528655805738723e-01,-4.243569669719117754e-01,1.684345287300178384e+01
-5.414836635936642883e-01,-5.499859529986927953e-01,1.591189789615821404e+01
-5.577387505619331165e-01,-6.909162133061558242e-01,1.499101987879620701e+01
-6.043496980086997539e-01,-8.592879444381111842e-01,1.407342635679374432e+01
-6.872426764991083070e-01,-1.074024951981426668e+00,1.315051674350262623e+01
-8.201950243720597111e-01,-1.367998192830170989e+00,1.221093580421933744e+01
-1.034438778595365482e+00,-1.807222549849690107e+00,1.123784579778079618e+01
-1.374760806650634937e+00,-2.483277588298888006e+00,1.028420823740095358e+01
-1.816351757112594001e+00,-3.352043959172809728e+00,9.549970104595711717e+00
-2.380437681832652697e+00,-4.458446515671204757e+00,9.027988347925468560e+00
-3.121121885939239338e+00,-5.905445689614168714e+00,8.737407805192347610e+00
-4.117736201718760647e+00,-7.833226920617041955e+00,8.781695244874514472e+00
-5.495104214896139538e+00,-1.043652130178558934e+01,9.407263943149928309e+00
-6.980421713471452350e+00,-1.312402556740975790e+01,1.066086484824574043e+01
-8.796051953219002684e+00,-1.616357049388238210e+01,1.292224586011524146e+01
-1.073607360621553575e+01,-1.897978563343521330e+01,1.622126552203092942e+01
-1.279985436166292523e+01,-2.122893127656063683e+01,2.084774540354377947e+01
-1.433776014148170574e+01,-2.208791416180531542e+01,2.525697021753536120e+01
-1.553585417048109463e+01,-2.185831179755364317e+01,2.958810906601148361e+01
-1.642221899566825627e+01,-2.047812225980288403e+01,3.389949820787541057e+01
-1.685055251079877081e+01,-1.812609514781019726e+01,3.749982266802910402e+01
-1.681908287084270270e+01,-1.509678434822352955e+01,4.017657871755537968e+01
-1.636507943877257176e+01,-1.178485993404754240e+01,4.181843733988556266e+01
-1.557117978723701590e+01,-8.549147226218451578e+00,4.250122037101657213e+01
-1.451979751181497136e+01,-5.589658413730118625e+00,4.241048931514355047e+01
-1.327358299214796489e+01,-2.998167191645260132e+00,4.172931991326380086e+01
-1.188463651818956990e+01,-8.185961893370357068e-01,4.061386305209659042e+01
-1.040755831966421141e+01,9.293348731673032326e-01,3.920416000641175458e+01
-8.912341652287647520e+00,2.245452082528945237e+00,3.764030071614170936e+01
-6.986044394590402717e+00,3.411269998585712671e+00,3.550016516429243296e+01
-4.647783941133191377e+00,4.186730636100690184e+00,3.275787050044024795e+01
-2.851301087074623375e+00,4.397979543329362251e+00,3.051591960198901177e+01
-1.471487435194803073e+00,4.380215423217308057e+00,2.865319705240077752e+01
-2.992891622843474320e-01,4.281582570654709485e+00,2.689842092418722075e+01
5.256501987599389025e-01,4.203087689222224199e+00,2.550776352815521264e+01
1.190443224515680853e+00,4.175178785112786173e+00,2.425045403727420279e+01
1.733792300352028359e+00,4.219594069829619265e+00,2.311271036810975588e+01
2.203277835724480660e+00,4.351460444206762368e+00,2.205796098702604624e+01
2.631686120275190000e+00,4.586076526587818059e+00,2.107725921470079200e+01
3.048859589854742591e+00,4.940783663335673204e+00,2.017297399943064562e+01
3.484994814656299678e+00,5.437514412709280265e+00,1.935773173846263973e+01
3.973016620009365063e+00,6.105297545986730690e+00,1.865766486932778534e+01
4.551232443993323606e+00,6.982360317052727972e+00,1.811951750964859187e+01
5.266719338292745967e+00,8.116791901556824840e+00,1.782387239151106684e+01
6.179890626778036022e+00,9.562477953977772671e+00,1.791026532258920412e+01
7.367178043305862900e+00,1.135439960805633319e+01,1.862517440587752660e+01
8.870600412035742011e+00,1.336809667290715886e+01,2.034401833747662636e+01
1.019581827115455930e+01,1.477378906037133177e+01,2.258997136929815142e+01
1.130078833297958951e+01,1.551542329181947899e+01,2.508097040116921761e+01
1.225070988809649286e+01,1.556824640407764626e+01,2.790756793996717988e+01
1.286271929153946481e+01,1.487254226477357477e+01,3.049842557143938038e+01
1.312835684267183289e+01,1.355777577879458562e+01,3.266938446866183199e+01
1.304449069725367671e+01,1.179757939450866822e+01,3.426928507842727356e+01
1.264054422894919405e+01,9.848067889982486278e+00,3.519756751442836418e+01
1.198688324379032366e+01,7.947496038237437332e+00,3.549024998183501367e+01
1.114970427757630134e+01,6.223204151502042869e+00,3.525941009702974327e+01
1.017569666493992209e+01,4.732878853933242702e+00,3.460749420241943852e+01
9.100823482805530773e+00,3.506933335273537899e+00,3.361069373330369814e+01
7.957216598255772766e+00,2.562736469044943455e+00,3.232145363395585491e+01
6.781250926722972139e+00,1.912082791240586221e+00,3.077316357145044634e+01
5.643888016434077670e+00,1.566576733202952543e+00,2.902102730874806014e+01
4.670118789448466146e+00,1.506548138750036347e+00,2.721462378083388600e+01
3.884740375529234679e+00,1.671852564169646449e+00,2.535757411754642376e+01
3.372685925590072742e+00,1.977844566029455908e+00,2.367877233753540978e+01
3.077108766905998216e+00,2.382213055666066115e+00,2.213469219438144719e+01
2.968512006359202537e+00,2.838035137355894300e+00,2.081453426340319623e+01
3.000969251837137364e+00,3.369068129449454663e+00,1.963176668279682957e+01
3.167010311778781340e+00,4.015535481976531429e+00,1.855469948940383773e+01
3.486236775447717040e+00,4.843531299878288898e+00,1.758451881375746950e+01
4.014899339424543356e+00,5.969416465024814045e+00,1.676591823707273932e+01
4.899600611367187497e+00,7.647233547956270527e+00,1.624674847406449274e+01
6.099327277984256668e+00,9.739085599461295928e+00,1.640582044452368748e+01
7.642388245150767645e+00,1.218672574067681680e+01,1.754169941519458575e+01
9.300800350606307276e+00,1.444790354904029783e+01,1.970536545694297459e+01
1.073885437260646647e+01,1.595729132030197839e+01,2.237384645521380122e+01
1.191698875292030024e+01,1.668994258885857818e+01,2.523335010113433441e+01
1.292143329043131672e+01,1.663681679295512694e+01,2.842779465343896916e+01
1.355751684829715842e+01,1.575793643889166162e+01,3.131285872169264195e+01
1.382101138243069016e+01,1.420965403821400841e+01,3.370104831348908903e+01
1.371292505046737809e+01,1.219476218876336304e+01,3.544025871260289051e+01
1.326881649793523188e+01,9.998069821080786568e+00,3.644015075173938811e+01
1.256249218452142635e+01,7.869745772750760260e+00,3.675536920704725219e+01
1.166092905755524178e+01,5.940723647915598704e+00,3.651204757310021165e+01
1.061145882693460507e+01,4.270530316569971063e+00,3.582388202938874855e+01
9.450263593298494413e+00,2.889311404661904170e+00,3.477730328522311254e+01
8.208581585252659352e+00,1.811957190908765059e+00,3.343401767059663854e+01
6.919785237985075277e+00,1.045561355229007949e+00,3.183508555663673079e+01
5.649084001890603446e+00,5.960732532305155207e-01,3.003753962917746634e+01
4.530490640942792524e+00,4.418383389558658836e-01,2.820060739957034812e+01
3.599223126423686470e+00,5.029033374531119982e-01,2.635981041918304513e+01
2.907136050071291944e+00,6.979575134734462560e-01,2.462912840795695857e+01
2.429072404015954589e+00,9.653414533327706604e-01,2.302230912904259696e+01
2.148227386960067875e+00,1.247043802024208503e+00,2.165736257991158809e+01
1.993051897536509465e+00,1.548928158227812935e+00,2.041779281503993815e+01
1.935975978709822964e+00,1.882761930788876992e+00,1.925878477034298086e+01
1.966325489282409356e+00,2.266683085534011433e+00,1.815936846271645067e+01
2.085110407728901549e+00,2.729705457955974524e+00,1.710687244077361413e+01
2.307532517181309473e+00,3.320157412546303810e+00,1.609538031734360075e+01
2.672738122079283851e+00,4.124994795660610336e+00,1.513248495509778024e+01
3.284672149228961668e+00,5.345109075181180280e+00,1.425250874716616423e+01
4.240328653223257582e+00,7.142999003003101421e+00,1.371485450439476850e+01
5.561828844445046549e+00,9.514463626594483969e+00,1.386844055964742850e+01
6.968948121878070445e+00,1.189378821020296328e+01,1.478456835307714279e+01
8.681534725839519240e+00,1.452026586997728330e+01,1.673824259575447115e+01
1.048462697523275899e+01,1.682052517695772309e+01,1.974526042307705609e+01
1.198888880563172776e+01,1.817186893040522477e+01,2.309310805499571728e+01
1.319384085059548539e+01,1.862096396771300988e+01,2.652090590955194216e+01
1.417200850587084560e+01,1.813855859874062304e+01,3.017054476694997334e+01
1.474590242714979738e+01,1.676421010804146050e+01,3.336671946051426829e+01
1.491150353706107268e+01,1.469601054762164694e+01,3.591504812555771053e+01
1.467968482221189142e+01,1.220489214300097203e+01,3.766491256028422185e+01
1.410603053853812661e+01,9.620428161676976231e+00,3.857844332631449191e+01
1.327043630709177968e+01,7.179731917279553066e+00,3.876535765777926912e+01
1.223689339946241361e+01,4.996524701547917502e+00,3.837466562931260228e+01
1.105156845245400632e+01,3.123421507528014729e+00,3.753269796430228666e+01
9.751352130706028021e+00,1.585240987770005772e+00,3.633862690797739958e+01
8.369328260196720493e+00,3.900423303226763228e-01,3.486867164940054664e+01
6.943526669922222894e+00,-4.640677630329195225e-01,3.318427255029919110e+01
5.539948339275169609e+00,-9.874202615085573287e-01,3.136124905125704387e+01
4.101769692757194719e+00,-1.233745412291251453e+00,2.927137778638263299e+01
2.942464994813044576e+00,-1.232086090761597585e+00,2.732240574562875679e+01
1.980084157084384344e+00,-1.096652058849277855e+00,2.537293298537248987e+01
1.384128601500893341e+00,-9.507586197145143636e-01,2.388200472408658115e+01
9.353212733696956160e-01,-8.098719928643027810e-01,2.249155895567229635e+01
6.197877838837655418e-01,-6.971362154317680693e-01,2.126999330435766211e+01
3.901930024254966489e-01,-6.119781152853307482e-01,2.016303763971932028e+01
2.180736866483897474e-01,-5.518604550539930598e-01,1.913540147659161050e+01
8.570144324209658104e-02,-5.145985169934388370e-01,1.816665829057854609e+01
-1.913749522308763606e-02,-4.985782275285549070e-01,1.724338015053219308e+01
-1.054491254895538604e-01,-5.029465937121041508e-01,1.635621302596572590e+01
-1.815522164006972972e-01,-5.284027778910774797e-01,1.548372878702897815e+01
-2.536284294702789155e-01,-5.776898896399955685e-01,1.461815709462666035e+01
-3.274874344804049042e-01,-6.553488276861441086e-01,1.375937454086824197e+01
-4.098748384643104425e-01,-7.687637387600014804e-01,1.290738096231946308e+01
-5.091482161302284259e-01,-9.295817169798967772e-01,1.206405827601535918e+01
-6.362086362599895795e-01,-1.155524042182076716e+00,1.123512841985967015e+01
-8.052659599657816525e-01,-1.471894283351963484e+00,1.043328012382173675e+01
-1.033677110567981394e+00,-1.911236854035993193e+00,9.680729458312036684e+00
-1.341109970772696780e+00,-2.511497954321842307e+00,9.006586303894724921e+00
-1.750712402361997544e+00,-3.317826603955420950e+00,8.440941764919786650e+00
-2.293497255132129098e+00,-4.390187921594542075e+00,8.018059601008250326e+00
-3.015219201945475547e+00,-5.814503254152074696e+00,7.793149389407759031e+00
-3.988401516129787439e+00,-7.719774631303951473e+00,7.875253315461294257e+00
-5.328243936379688073e+00,-1.028948286815037250e+01,8.495675025061466101e+00
-6.802256110794460575e+00,-1.300692344840271097e+01,9.721091047505614924e+00
-8.617144939709357132e+00,-1.612337405571289040e+01,1.193158169802622481e+01
-1.056264216976402892e+01,-1.906012916589628858e+01,1.515522721793066019e+01
-1.263714897731333942e+01,-2.150129825955717067e+01,1.966231896533205870e+01
-1.429655168765451556e+01,-2.263818909980575356e+01,2.425673119842064551e+01
-1.560068665649913378e+01,-2.262596276156501318e+01,2.878672294729023662e+01
-1.660729508395923659e+01,-2.140588384909896291e+01,3.339163872567222313e+01
-1.714542842560472380e+01,-1.913116441669451717e+01,3.729531108401069162e+01
-1.721274405201363322e+01,-1.608815645127534921e+01,4.027782034174397552e+01
-1.683702076227130107e+01,-1.266800934583686100e+01,4.219907029441303337e+01
-1.609589393788327172e+01,-9.265788899052079586e+00,4.309991261724787392e+01
-1.507668013072020230e+01,-6.121146831264909771e+00,4.316259996499750429e+01
-1.384754671263645420e+01,-3.345401488013227453e+00,4.258316891703529450e+01
-1.246432645645666248e+01,-9.918070604675954804e-01,4.153138224337044448e+01
-1.098481803223582887e+01,9.137638218880792529e-01,4.015974442310229620e+01
-9.499727267596005831e+00,2.352153359135579436e+00,3.863855797586155916e+01
-7.584223550791612922e+00,3.660333335925204601e+00,3.655404391555033783e+01
-5.260130981960930541e+00,4.592297149192282824e+00,3.390824416692280607e+01
-3.387269308206203533e+00,4.923431030050151591e+00,3.168391896613786329e+01
-1.832064430025310386e+00,4.969428698300043301e+00,2.973330786984621454e+01
-5.468260498610879594e-01,4.890084376696806068e+00,2.799155738301246998e+01
4.912093828437795739e-01,4.789190873461965481e+00,2.643685867919461074e+01
1.313393141738540493e+00,4.733866395948471251e+00,2.506013150187449057e+01
1.943611061820447183e+00,4.756548597007544288e+00,2.389148218538170454e+01
2.475321287253126279e+00,4.870429674114213014e+00,2.283139048729611176e+01
2.950756244615828194e+00,5.091005779859687941e+00,2.186030069171939161e+01
3.404009960331399576e+00,5.434975980603709900e+00,2.097782296982079231e+01
3.867865040209626404e+00,5.922453338143292889e+00,2.019623990615784592e+01
4.376704329803486893e+00,6.579058652304794919e+00,1.954265479622369384e+01
4.969118831899495881e+00,7.437211787845159350e+00,1.906562561046313675e+01
5.690816319120043154e+00,8.535151613586416275e+00,1.884791265078675693e+01
6.597779191169120594e+00,9.909280591974679808e+00,1.903011432516866464e+01
7.755350973620585009e+00,1.156236034520065381e+01,1.985234739584374708e+01
9.180302559613414459e+00,1.331895562540125333e+01,2.164961993216383007e+01
1.033532938320314720e+01,1.438470608201478917e+01,2.375474994175409904e+01
1.129113220463240097e+01,1.485592571161645559e+01,2.605356673232030573e+01
1.206966432836747671e+01,1.468679696589693329e+01,2.855802291819268035e+01
1.253352062337907213e+01,1.386711463909121811e+01,3.081237977127842953e+01
1.266789486741530801e+01,1.251716904085815507e+01,3.264198056883542165e+01
1.247324502033196758e+01,1.082274910660751743e+01,3.390125443428120633e+01
1.199434042288393165e+01,9.035213123623897502e+00,3.452927953101562508e+01
1.130357556067485092e+01,7.345734612064644509e+00,3.459391692693937870e+01
1.045865241763096876e+01,5.844727235439799884e+00,3.420078420248898254e+01
9.500798292313612947e+00,4.575361751306952662e+00,3.343497477563703768e+01
8.464330802523402753e+00,3.562652744277424510e+00,3.235705189622758127e+01
7.383294387573760886e+00,2.823125701747425609e+00,3.100625351327765244e+01
6.304896238282280407e+00,2.372057957960095553e+00,2.941273244648110818e+01
5.326680760049308461e+00,2.218870640183056242e+00,2.766715418246267788e+01
4.540342931024080819e+00,2.328056809952061990e+00,2.588222118484730316e+01
3.930232339474824865e+00,2.705810079351002262e+00,2.388709898259572384e+01
3.678960825412474822e+00,3.153296057953582476e+00,2.241990522879063974e+01
3.618062557476832808e+00,3.711953854471794045e+00,2.110050476844978817e+01
3.726353163001947966e+00,4.381799634177595770e+00,1.995573779097430389e+01
4.003514938100485310e+00,5.217298034936141526e+00,1.896595923655035421e+01
4.486986229819359018e+00,6.310473289483601533e+00,1.816583389527400882e+01
5.269229623870478108e+00,7.820023956729568404e+00,1.768540949689450059e+01
6.501881718453489611e+00,9.938088518244141412e+00,1.788322022082094165e+01
8.001418229156801232e+00,1.221171894020003457e+01,1.910165059185943193e+01
9.582071651667073198e+00,1.418963332688789514e+01,2.133136855713892999e+01
1.080328957789967070e+01,1.528565846153810348e+01,2.375073021379207816e+01
1.180152594597876714e+01,1.571083306115400191e+01,2.632524172235926230e+01
1.260452712996031899e+01,1.542378491788789852e+01,2.908674832305578661e+01
1.306969792351503479e+01,1.443580459187161757e+01,3.153682519084966884e+01
1.318499304222389590e+01,1.288972735475677389e+01,3.349770947647119357e+01
1.295585507153358940e+01,1.099824608227678091e+01,3.482617287836286124e+01
1.243308892807127997e+01,9.030557703953203230e+00,3.547734726597700927e+01
1.169043700456997925e+01,7.179801485273684669e+00,3.553491977926115197e+01
1.078522713712572845e+01,5.536419149705299247e+00,3.511337453446390811e+01
9.758478344038895358e+00,4.143675081032043295e+00,3.430466458151108355e+01
8.643800205119152480e+00,3.025382747141664108e+00,3.317524428949967330e+01
7.473439602929876635e+00,2.195408832552067313e+00,3.176885955287933783e+01
6.291832146480257570e+00,1.665112130569993631e+00,3.011834877427455126e+01
5.199890323678509674e+00,1.440170733689807969e+00,2.832076627785564682e+01
4.299991774828654911e+00,1.473951577897053111e+00,2.650772229526104695e+01
3.567036165427277972e+00,1.726258717742233051e+00,2.455493342556797032e+01
3.169447978870293170e+00,2.057964208372274673e+00,2.300771086650542685e+01
2.955007761803106980e+00,2.468253938203523568e+00,2.158322255420556601e+01
2.897720264450411420e+00,2.937355501706375716e+00,2.032321501610648795e+01
2.972336910837533264e+00,3.491230940980364128e+00,1.917975464699894417e+01
3.180949740359110489e+00,4.176180770299326106e+00,1.813399254887270828e+01
3.552439159609570130e+00,5.069173666243067977e+00,1.719826509000650816e+01
4.161581697754455078e+00,6.315222775318999560e+00,1.643432699674520947e+01
5.217703047234520497e+00,8.265846138741036242e+00,1.605843873290175594e+01
6.475660272966308639e+00,1.040857674778942332e+01,1.646296967312780168e+01
8.053009400368861037e+00,1.283877734598654108e+01,1.786474855114125049e+01
9.733128155362445355e+00,1.501716320984065689e+01,2.030129582914360853e+01
1.111234701550644388e+01,1.633001286108343209e+01,2.307098088307539285e+01
1.223408718736011558e+01,1.687114215742241896e+01,2.598823626564961842e+01
1.315811674755301475e+01,1.661159586765176499e+01,2.915320724101033534e+01
1.371442377786334355e+01,1.555369732263482874e+01,3.196783411982995560e+01
1.389576367929677581e+01,1.385952539709130704e+01,3.424639198012783226e+01
1.370697795594980128e+01,1.175426333509238574e+01,3.583912292709946712e+01
1.319506965611279092e+01,9.531453522816837776e+00,3.668625112626430962e+01
1.243614051890638805e+01,7.417109942865299566e+00,3.686992303458728060e+01
1.149265406286147595e+01,5.521411921998988781e+00,3.651901046206112511e+01
1.040885852011650137e+01,3.895401129846801425e+00,3.574237440273800104e+01
9.219496973770921144e+00,2.565081228504178412e+00,3.462189340222765566e+01
7.955376845747150760e+00,1.542725985901524322e+00,3.321520501143476167e+01
6.652429100186773248e+00,8.342640415520462538e-01,3.156201480945814097e+01
5.390766852675648479e+00,4.438534629385261776e-01,2.973724246089148338e+01
4.303448262535198410e+00,3.349567420638219217e-01,2.790680334452298084e+01
3.390763884500291425e+00,4.259895570473350435e-01,2.604576284045454315e+01
2.755642516456918489e+00,6.239251797846855352e-01,2.440208567299674769e+01
2.312290523108890827e+00,8.795128403764611580e-01,2.287185051901900579e+01
2.042011136013530237e+00,1.149537398373449815e+00,2.153693755575662649e+01
1.889214349580596419e+00,1.437727621085961083e+00,2.031416928197785410e+01
1.829475644335945672e+00,1.754666669867283479e+00,1.916600750679570808e+01
1.852681026400344155e+00,2.117200960994108705e+00,1.807324691479900025e+01
1.959238031741618924e+00,2.552059354247949496e+00,1.702364780822755819e+01
2.162455505639968134e+00,3.103635924063518292e+00,1.600984830269911185e+01
2.496915936676206815e+00,3.850535703782609342e+00,1.503579618773700588e+01
3.052156283233273371e+00,4.968610512611268071e+00,1.412483598143195529e+01
3.938441729208542963e+00,6.652453949682269219e+00,1.348604634492045840e+01
5.169834201678607855e+00,8.893542145003131338e+00,1.346242120631650963e+01
5.775807350526682704e+00,9.959089015742694784e+00,1.369807310561511038e+01
